100,1000
24958,5.5
Prof_000001,14.931488,27.905632,75
Prof_000002,27.053201,26.192977,40
Prof_000003,9.026541,30.049421,69
Prof_000004,26.146888,12.756683,32
Prof_000005,19.719099,11.033241,16
Prof_000006,21.966128,17.021912,80
Prof_000007,18.502027,13.643534,36
Prof_000008,30.585852,31.266892,38
Prof_000009,24.618908,21.771352,88
Prof_000010,21.309066,6.948077,26
Prof_000011,10.386603,3.189017,27
Prof_000012,27.225303,6.816947,34
Prof_000013,15.128332,7.400373,50
Prof_000014,6.364264,6.593713,80
Prof_000015,9.647707,32.667736,79
Prof_000016,28.273367,18.087972,28
Prof_000017,11.980949,21.079195,11
Prof_000018,18.828616,21.826568,16
Prof_000019,32.283251,17.507490,52
Prof_000020,26.240731,11.475504,31
Prof_000021,26.197415,18.502349,85
Prof_000022,29.845884,14.706859,29
Prof_000023,13.673750,11.199442,85
Prof_000024,30.670794,26.931736,31
Prof_000025,31.579812,4.792658,12
Prof_000026,5.681675,18.479861,39
Prof_000027,22.996808,8.466415,74
Prof_000028,13.566788,29.406978,66
Prof_000029,3.700691,4.625140,26
Prof_000030,4.992875,16.431052,96
Prof_000031,32.219024,9.848399,47
Prof_000032,28.627594,29.766242,91
Prof_000033,19.292810,10.699972,35
Prof_000034,25.907462,13.956209,69
Prof_000035,23.131713,18.076061,76
Prof_000036,4.278410,18.648193,95
Prof_000037,31.055052,15.829128,11
Prof_000038,24.728570,30.624294,11
Prof_000039,25.256029,11.228802,32
Prof_000040,13.721460,21.899364,89
Prof_000041,8.079225,23.335842,27
Prof_000042,29.502257,15.903136,12
Prof_000043,13.010114,27.576033,22
Prof_000044,29.901172,9.569045,31
Prof_000045,23.700097,13.210805,46
Prof_000046,20.759204,31.394048,54
Prof_000047,28.860290,22.419121,12
Prof_000048,30.819094,15.886798,47
Prof_000049,27.543007,14.653100,24
Prof_000050,30.429161,23.226556,54
Prof_000051,9.574749,17.174720,68
Prof_000052,30.703848,31.207571,62
Prof_000053,29.531865,7.129800,37
Prof_000054,16.058603,21.932418,15
Prof_000055,11.531782,21.287895,83
Prof_000056,12.323736,26.280063,39
Prof_000057,9.883199,16.111007,98
Prof_000058,11.387040,8.325993,56
Prof_000059,15.595038,19.393313,58
Prof_000060,30.304118,7.788213,77
Prof_000061,6.882260,5.795136,51
Prof_000062,25.914257,17.563322,58
Prof_000063,31.150120,32.242550,67
Prof_000064,14.595650,23.233351,39
Prof_000065,14.159906,25.193126,26
Prof_000066,10.067846,11.524811,43
Prof_000067,10.432382,20.234655,33
Prof_000068,25.064455,7.271694,27
Prof_000069,26.904112,6.464247,98
Prof_000070,25.452142,7.623058,18
Prof_000071,31.603121,4.935894,69
Prof_000072,18.746901,4.275878,79
Prof_000073,10.301871,7.986320,74
Prof_000074,25.079632,26.633942,44
Prof_000075,32.122154,22.396910,63
Prof_000076,25.892045,21.883750,19
Prof_000077,7.147072,5.504414,89
Prof_000078,5.446964,18.306302,65
Prof_000079,9.239653,4.797192,19
Prof_000080,27.690318,16.542614,12
Prof_000081,25.767425,19.899559,18
Prof_000082,7.834214,4.258165,40
Prof_000083,9.229858,32.699807,64
Prof_000084,6.864054,29.398669,45
Prof_000085,4.721727,32.633970,46
Prof_000086,5.269864,28.816196,46
Prof_000087,30.792074,2.824848,37
Prof_000088,8.511168,20.516765,97
Prof_000089,14.850707,7.593945,55
Prof_000090,27.690855,30.090800,49
Prof_000091,19.674551,13.472861,74
Prof_000092,16.677275,20.082900,59
Prof_000093,6.089202,23.321623,97
Prof_000094,25.818815,18.624240,94
Prof_000095,32.866854,11.828854,88
Prof_000096,29.428413,20.009133,77
Prof_000097,21.967298,25.134279,90
Prof_000098,25.534086,3.762627,74
Prof_000099,30.861297,27.697156,57
Prof_000100,28.031126,28.898140,88
Aluno_000001,25.414336,32.083024,87
Aluno_000002,32.607872,29.800990,71
Aluno_000003,18.017756,22.706410,95
Aluno_000004,28.000355,7.619040,46
Aluno_000005,5.409840,29.368463,59
Aluno_000006,10.541324,22.191210,53
Aluno_000007,9.974109,21.584391,9
Aluno_000008,12.606014,23.718599,87
Aluno_000009,10.042839,12.563311,99
Aluno_000010,22.092166,4.924829,6
Aluno_000011,22.633962,9.409692,14
Aluno_000012,32.243971,18.020579,45
Aluno_000013,19.483206,11.101260,31
Aluno_000014,6.498417,24.278057,22
Aluno_000015,20.876198,16.844503,48
Aluno_000016,16.627527,31.029543,8
Aluno_000017,28.530533,12.790534,59
Aluno_000018,3.196944,15.735399,1
Aluno_000019,21.054439,13.048289,79
Aluno_000020,10.116751,27.697299,30
Aluno_000021,17.588508,22.964279,8
Aluno_000022,12.248670,17.158075,59
Aluno_000023,8.576674,24.062618,54
Aluno_000024,4.325929,21.354685,80
Aluno_000025,23.979514,15.119512,8
Aluno_000026,22.229205,22.918095,73
Aluno_000027,8.638674,13.113476,76
Aluno_000028,21.914737,20.973176,11
Aluno_000029,12.951233,24.621880,3
Aluno_000030,9.166383,24.913153,5
Aluno_000031,23.642696,30.327431,9
Aluno_000032,10.817964,22.293910,41
Aluno_000033,5.729309,18.673229,27
Aluno_000034,29.421518,10.514908,3
Aluno_000035,5.912207,23.283748,87
Aluno_000036,13.948027,6.038269,86
Aluno_000037,20.896344,20.000715,7
Aluno_000038,11.763333,22.696698,47
Aluno_000039,11.751382,25.973017,24
Aluno_000040,8.792529,12.589262,5
Aluno_000041,3.207357,32.230896,52
Aluno_000042,13.044372,27.521734,38
Aluno_000043,16.194910,8.346031,2
Aluno_000044,30.667912,31.459109,34
Aluno_000045,24.072262,25.646143,11
Aluno_000046,23.673574,6.334295,49
Aluno_000047,26.328205,14.214958,93
Aluno_000048,30.588187,30.991538,70
Aluno_000049,9.206446,28.557514,1
Aluno_000050,19.541261,26.509705,72
Aluno_000051,30.247974,11.618654,51
Aluno_000052,29.319369,29.989289,9
Aluno_000053,20.385986,17.644318,82
Aluno_000054,11.317335,7.582702,57
Aluno_000055,17.871965,28.637369,88
Aluno_000056,28.568265,16.609865,89
Aluno_000057,11.831599,17.579322,29
Aluno_000058,23.625353,8.112637,63
Aluno_000059,7.271746,24.526509,52
Aluno_000060,17.872652,20.793265,84
Aluno_000061,24.827560,27.844008,19
Aluno_000062,9.758966,8.046225,60
Aluno_000063,6.737764,17.655764,24
Aluno_000064,13.913278,6.847154,46
Aluno_000065,31.056859,12.444210,15
Aluno_000066,21.762864,29.954540,62
Aluno_000067,27.643828,27.804833,83
Aluno_000068,13.149151,17.582233,73
Aluno_000069,22.864935,14.529815,8
Aluno_000070,10.867184,20.966486,58
Aluno_000071,5.276350,7.236900,30
Aluno_000072,22.516221,5.935448,12
Aluno_000073,11.748086,13.607949,95
Aluno_000074,5.834457,12.641575,31
Aluno_000075,31.134839,15.519832,45
Aluno_000076,11.063840,20.207109,58
Aluno_000077,25.953334,22.462399,79
Aluno_000078,7.818164,17.322806,38
Aluno_000079,21.869960,29.191098,27
Aluno_000080,9.335308,18.231442,79
Aluno_000081,15.885981,19.426818,61
Aluno_000082,14.931651,27.598171,29
Aluno_000083,12.880404,10.029810,87
Aluno_000084,22.259624,24.580802,42
Aluno_000085,13.247288,32.245339,85
Aluno_000086,7.182238,29.626808,26
Aluno_000087,3.262256,15.023638,83
Aluno_000088,26.331587,26.198460,66
Aluno_000089,6.540034,11.510342,40
Aluno_000090,24.730174,28.666044,34
Aluno_000091,16.573153,4.174874,49
Aluno_000092,24.337273,32.294013,59
Aluno_000093,17.316819,9.026488,45
Aluno_000094,5.917585,28.655436,24
Aluno_000095,14.586878,5.686779,56
Aluno_000096,22.813597,11.752893,11
Aluno_000097,7.051064,26.972859,86
Aluno_000098,4.702669,4.245249,90
Aluno_000099,26.526051,16.431468,84
Aluno_000100,16.376807,23.462293,45
Aluno_000101,20.789101,6.273338,47
Aluno_000102,18.996977,20.059045,13
Aluno_000103,13.957505,20.551358,56
Aluno_000104,29.761700,11.828564,94
Aluno_000105,8.194608,16.997540,43
Aluno_000106,18.872413,20.991873,1
Aluno_000107,20.985887,21.267761,51
Aluno_000108,27.994249,9.709686,21
Aluno_000109,6.065123,4.802706,90
Aluno_000110,8.189485,30.411834,29
Aluno_000111,9.864727,17.152001,51
Aluno_000112,11.824860,27.503082,50
Aluno_000113,29.448331,13.415792,57
Aluno_000114,27.547260,13.027529,38
Aluno_000115,4.189822,22.474381,43
Aluno_000116,26.447720,10.424067,42
Aluno_000117,28.183112,21.478923,15
Aluno_000118,9.730281,11.944697,25
Aluno_000119,21.473260,8.640618,59
Aluno_000120,23.338157,5.991981,55
Aluno_000121,24.683854,26.167868,10
Aluno_000122,15.135630,8.710571,59
Aluno_000123,16.120257,12.169741,65
Aluno_000124,14.672447,9.629879,55
Aluno_000125,7.741713,18.685380,82
Aluno_000126,3.537380,19.361932,20
Aluno_000127,14.565014,14.106440,17
Aluno_000128,25.222232,11.862240,19
Aluno_000129,22.589769,10.513345,61
Aluno_000130,30.687727,19.269492,100
Aluno_000131,27.393559,23.279591,64
Aluno_000132,12.458514,23.635447,7
Aluno_000133,3.280143,22.076671,64
Aluno_000134,28.417289,18.688795,19
Aluno_000135,22.380776,21.253403,100
Aluno_000136,15.121271,18.255446,6
Aluno_000137,24.666017,13.564630,71
Aluno_000138,23.434371,26.756901,2
Aluno_000139,4.086780,7.286274,78
Aluno_000140,23.671654,4.606818,12
Aluno_000141,21.668750,8.328492,30
Aluno_000142,20.134933,23.709034,29
Aluno_000143,3.271274,2.733764,13
Aluno_000144,10.947110,11.857164,87
Aluno_000145,28.826656,22.361043,18
Aluno_000146,13.340634,8.134836,56
Aluno_000147,29.470283,22.720215,80
Aluno_000148,12.496887,22.299148,84
Aluno_000149,8.687943,29.250426,80
Aluno_000150,18.203830,7.414175,90
Aluno_000151,23.369622,27.568719,38
Aluno_000152,8.833349,29.825101,90
Aluno_000153,24.282002,14.535639,48
Aluno_000154,19.521913,28.767720,54
Aluno_000155,31.074538,24.868781,96
Aluno_000156,30.897274,9.693567,81
Aluno_000157,31.102601,19.243288,25
Aluno_000158,19.677052,17.532206,12
Aluno_000159,27.089371,30.873875,100
Aluno_000160,20.934918,27.124162,85
Aluno_000161,32.958998,22.416027,12
Aluno_000162,12.836243,30.775552,15
Aluno_000163,20.774701,28.929281,44
Aluno_000164,25.879708,21.833129,27
Aluno_000165,26.947305,25.962644,85
Aluno_000166,21.231363,10.583537,43
Aluno_000167,8.108638,16.816926,33
Aluno_000168,29.052565,26.564712,8
Aluno_000169,23.032432,28.890640,97
Aluno_000170,21.459422,15.074478,62
Aluno_000171,22.468044,20.606970,19
Aluno_000172,7.550258,18.856695,26
Aluno_000173,4.088902,20.070645,42
Aluno_000174,18.644520,23.727310,32
Aluno_000175,18.551472,27.678273,64
Aluno_000176,17.794300,6.079438,11
Aluno_000177,4.554990,18.010471,87
Aluno_000178,14.639752,27.130543,95
Aluno_000179,16.663672,21.829691,95
Aluno_000180,15.492335,7.019460,18
Aluno_000181,15.302997,10.110976,36
Aluno_000182,24.627902,3.223698,84
Aluno_000183,27.488410,19.911635,59
Aluno_000184,16.502276,20.180468,83
Aluno_000185,32.954945,17.020843,38
Aluno_000186,5.327813,4.461697,54
Aluno_000187,21.018393,21.922990,16
Aluno_000188,9.693635,9.378071,14
Aluno_000189,30.805382,21.607295,18
Aluno_000190,16.985567,24.838155,15
Aluno_000191,28.617593,15.856854,99
Aluno_000192,31.567325,31.279868,81
Aluno_000193,26.110410,29.672584,81
Aluno_000194,19.202275,12.707077,42
Aluno_000195,17.426537,9.274082,7
Aluno_000196,17.085058,31.194610,65
Aluno_000197,32.118308,29.229534,36
Aluno_000198,16.841170,8.212960,39
Aluno_000199,26.093428,26.106718,24
Aluno_000200,10.827561,29.843445,32
Aluno_000201,32.005143,25.548373,53
Aluno_000202,15.171363,12.655374,43
Aluno_000203,19.733445,19.523535,10
Aluno_000204,8.830830,21.364998,46
Aluno_000205,13.903153,17.038826,26
Aluno_000206,30.595680,22.316398,25
Aluno_000207,21.296265,9.020747,57
Aluno_000208,6.393331,28.663005,64
Aluno_000209,9.070082,13.906675,72
Aluno_000210,20.880757,22.095605,3
Aluno_000211,20.990215,22.996619,81
Aluno_000212,19.926153,4.465815,7
Aluno_000213,10.378775,19.608523,86
Aluno_000214,13.415241,3.267323,92
Aluno_000215,30.810768,2.972203,90
Aluno_000216,26.220576,20.742802,75
Aluno_000217,31.098176,29.315910,45
Aluno_000218,16.539446,7.891940,57
Aluno_000219,26.956938,17.331621,89
Aluno_000220,32.070447,21.870276,62
Aluno_000221,11.886673,7.360091,71
Aluno_000222,14.080838,29.166128,39
Aluno_000223,25.529133,29.682938,42
Aluno_000224,11.289614,16.974169,3
Aluno_000225,6.769774,31.099215,80
Aluno_000226,21.795834,28.670371,49
Aluno_000227,30.836185,24.259990,19
Aluno_000228,11.568513,8.221987,67
Aluno_000229,9.189309,7.714961,39
Aluno_000230,8.387164,21.483754,43
Aluno_000231,9.926557,6.500077,51
Aluno_000232,3.515988,31.107740,43
Aluno_000233,6.699680,7.524733,85
Aluno_000234,22.556354,16.555434,60
Aluno_000235,6.125709,30.156618,89
Aluno_000236,5.216709,21.126801,62
Aluno_000237,17.992929,14.512383,36
Aluno_000238,11.895321,15.797547,97
Aluno_000239,30.471716,10.022062,25
Aluno_000240,8.821276,19.684935,7
Aluno_000241,16.055305,3.741491,99
Aluno_000242,25.701480,27.117110,57
Aluno_000243,33.039097,13.391491,14
Aluno_000244,18.806451,3.769993,36
Aluno_000245,22.953747,8.728406,48
Aluno_000246,12.928483,23.693615,55
Aluno_000247,22.501355,29.380304,63
Aluno_000248,4.605037,12.944471,45
Aluno_000249,27.199905,25.701034,11
Aluno_000250,23.557652,23.661390,3
Aluno_000251,12.488191,29.825614,58
Aluno_000252,12.037997,25.274361,33
Aluno_000253,8.771908,26.981120,41
Aluno_000254,4.703182,20.433318,52
Aluno_000255,7.818253,5.743625,87
Aluno_000256,7.185115,10.024458,72
Aluno_000257,4.841568,20.373558,100
Aluno_000258,31.465049,29.386596,5
Aluno_000259,30.856589,4.380665,90
Aluno_000260,10.809072,16.771500,90
Aluno_000261,8.165115,20.310336,47
Aluno_000262,17.390640,20.237555,40
Aluno_000263,30.882026,27.166470,85
Aluno_000264,20.567504,18.495677,83
Aluno_000265,9.857067,24.581931,51
Aluno_000266,22.107545,10.625156,73
Aluno_000267,3.599517,18.845258,44
Aluno_000268,13.526379,30.645542,87
Aluno_000269,18.778860,8.871426,69
Aluno_000270,12.315050,14.729561,20
Aluno_000271,22.454019,23.097113,93
Aluno_000272,11.170671,16.000166,19
Aluno_000273,13.086761,23.795587,77
Aluno_000274,25.876253,9.135720,58
Aluno_000275,23.607220,10.443350,54
Aluno_000276,28.453686,3.185324,76
Aluno_000277,21.122879,28.272335,64
Aluno_000278,23.138805,12.344326,16
Aluno_000279,28.540003,18.504906,20
Aluno_000280,10.786837,10.206309,26
Aluno_000281,18.531465,4.897070,70
Aluno_000282,21.442328,29.394382,78
Aluno_000283,27.739924,18.630983,10
Aluno_000284,25.202409,31.468707,10
Aluno_000285,13.898267,13.018783,81
Aluno_000286,3.815896,4.017459,96
Aluno_000287,17.717625,2.852286,33
Aluno_000288,24.347874,11.486567,32
Aluno_000289,18.322287,27.304386,1
Aluno_000290,5.447736,16.724126,23
Aluno_000291,17.609451,8.429506,21
Aluno_000292,4.401841,30.401423,47
Aluno_000293,10.445749,5.232330,14
Aluno_000294,21.437235,24.040646,57
Aluno_000295,31.946955,5.485752,30
Aluno_000296,8.082822,28.724072,65
Aluno_000297,25.818454,16.978421,29
Aluno_000298,3.309403,26.025150,25
Aluno_000299,25.193856,20.058377,51
Aluno_000300,30.777161,25.011812,49
Aluno_000301,26.729271,5.592124,45
Aluno_000302,6.144410,31.093057,95
Aluno_000303,10.279623,10.946896,19
Aluno_000304,5.951282,26.992283,73
Aluno_000305,11.416409,25.101910,5
Aluno_000306,31.231416,7.899019,73
Aluno_000307,6.000442,25.525860,48
Aluno_000308,28.458190,32.133258,68
Aluno_000309,23.873904,12.946191,40
Aluno_000310,16.131943,16.395425,20
Aluno_000311,12.819497,22.320859,94
Aluno_000312,6.999280,20.714765,10
Aluno_000313,14.439914,5.137951,49
Aluno_000314,22.896328,6.808683,55
Aluno_000315,29.520495,6.133771,71
Aluno_000316,9.425895,20.173489,29
Aluno_000317,18.966545,22.749766,51
Aluno_000318,31.396663,12.070304,56
Aluno_000319,6.762587,25.746169,60
Aluno_000320,18.548079,3.847945,51
Aluno_000321,9.446964,14.678997,30
Aluno_000322,7.904857,16.279495,32
Aluno_000323,16.112753,11.947406,49
Aluno_000324,22.593596,2.863047,43
Aluno_000325,16.958472,6.486656,89
Aluno_000326,26.507515,5.225539,78
Aluno_000327,23.640304,26.277969,7
Aluno_000328,29.115920,30.006795,69
Aluno_000329,4.515478,4.580218,55
Aluno_000330,8.413989,18.512249,9
Aluno_000331,6.385738,30.535973,70
Aluno_000332,20.985740,14.339884,99
Aluno_000333,24.110188,21.852283,4
Aluno_000334,15.298452,18.882403,88
Aluno_000335,20.430348,27.372776,71
Aluno_000336,9.751773,30.346530,8
Aluno_000337,14.326025,26.377312,12
Aluno_000338,6.024717,14.156630,70
Aluno_000339,14.719676,26.938778,27
Aluno_000340,31.125434,25.118314,4
Aluno_000341,28.043853,28.178148,41
Aluno_000342,22.156118,24.132950,72
Aluno_000343,21.839745,18.184157,65
Aluno_000344,20.464376,17.772038,89
Aluno_000345,3.984287,22.855223,27
Aluno_000346,21.091196,25.378365,87
Aluno_000347,7.418249,6.870024,17
Aluno_000348,26.422307,8.576936,77
Aluno_000349,25.159339,28.028437,42
Aluno_000350,23.101213,8.220759,28
Aluno_000351,6.267289,12.089686,79
Aluno_000352,6.166998,29.352986,23
Aluno_000353,11.209615,17.093314,60
Aluno_000354,11.732092,8.691715,27
Aluno_000355,31.510029,22.429291,66
Aluno_000356,18.307440,9.357526,100
Aluno_000357,31.190476,26.053882,5
Aluno_000358,11.938039,6.963557,24
Aluno_000359,22.435595,19.530221,68
Aluno_000360,10.085444,28.902415,59
Aluno_000361,21.980779,22.919882,33
Aluno_000362,27.489906,27.676640,89
Aluno_000363,3.953576,25.899028,9
Aluno_000364,21.627466,20.412213,88
Aluno_000365,26.332972,25.612915,77
Aluno_000366,5.402601,11.228678,31
Aluno_000367,8.281664,29.100261,95
Aluno_000368,13.893575,8.069599,40
Aluno_000369,14.461315,15.991279,52
Aluno_000370,6.120570,22.125667,73
Aluno_000371,29.183194,12.471343,43
Aluno_000372,6.225225,20.928010,93
Aluno_000373,25.591567,26.873669,45
Aluno_000374,14.103890,14.663264,7
Aluno_000375,11.265679,14.527163,81
Aluno_000376,5.147044,20.689334,23
Aluno_000377,16.065973,29.746458,94
Aluno_000378,23.345487,29.136951,50
Aluno_000379,17.249164,16.519550,99
Aluno_000380,9.832464,11.472952,87
Aluno_000381,20.401631,10.082136,29
Aluno_000382,6.882397,11.735066,77
Aluno_000383,17.504665,25.183295,10
Aluno_000384,8.874574,17.275973,88
Aluno_000385,7.101640,28.465980,3
Aluno_000386,8.637323,11.495144,27
Aluno_000387,30.123154,2.784834,39
Aluno_000388,27.358503,11.362548,59
Aluno_000389,23.725813,22.214722,50
Aluno_000390,4.441884,7.962393,59
Aluno_000391,26.351727,31.491492,69
Aluno_000392,28.937950,6.088929,82
Aluno_000393,32.925879,8.917700,47
Aluno_000394,23.137250,18.783437,29
Aluno_000395,27.956390,16.675043,21
Aluno_000396,24.457179,29.469714,75
Aluno_000397,8.904780,14.858020,59
Aluno_000398,7.741315,27.839577,15
Aluno_000399,12.815550,22.909445,15
Aluno_000400,19.075424,13.115889,63
Aluno_000401,22.311033,16.417190,40
Aluno_000402,16.902024,24.212747,57
Aluno_000403,3.275296,18.934188,55
Aluno_000404,8.848909,10.760527,36
Aluno_000405,16.422920,23.501109,16
Aluno_000406,22.692600,9.790793,35
Aluno_000407,13.579722,9.274647,58
Aluno_000408,15.892347,18.130551,61
Aluno_000409,4.613988,13.005601,36
Aluno_000410,27.380644,5.529596,8
Aluno_000411,32.699310,29.070378,47
Aluno_000412,11.628398,18.337824,65
Aluno_000413,13.877400,8.104090,84
Aluno_000414,28.713535,15.869713,56
Aluno_000415,26.685602,23.192950,4
Aluno_000416,7.310140,14.288960,38
Aluno_000417,6.201707,15.496636,34
Aluno_000418,32.130823,20.712163,43
Aluno_000419,29.172690,5.977003,49
Aluno_000420,27.178111,7.479733,84
Aluno_000421,14.970526,12.095610,1
Aluno_000422,19.070257,16.370712,69
Aluno_000423,32.201263,25.050248,17
Aluno_000424,5.755849,31.462604,47
Aluno_000425,4.692200,3.315251,50
Aluno_000426,30.085628,29.636493,38
Aluno_000427,15.674317,3.891510,22
Aluno_000428,9.695601,8.214026,60
Aluno_000429,21.783739,26.051717,4
Aluno_000430,16.944667,4.909136,88
Aluno_000431,16.898095,14.969342,22
Aluno_000432,28.165977,20.754807,43
Aluno_000433,9.166970,19.599802,44
Aluno_000434,23.276805,26.796801,76
Aluno_000435,31.976533,4.839660,78
Aluno_000436,14.635270,16.954916,11
Aluno_000437,31.025628,13.447059,63
Aluno_000438,6.197307,30.205527,87
Aluno_000439,29.368131,29.726891,71
Aluno_000440,30.742141,8.453156,98
Aluno_000441,5.789650,30.560331,94
Aluno_000442,32.151841,27.327769,18
Aluno_000443,3.241795,17.963967,62
Aluno_000444,11.715684,8.347442,29
Aluno_000445,10.956578,21.525535,25
Aluno_000446,4.194876,25.160351,18
Aluno_000447,13.615158,24.354673,67
Aluno_000448,11.654475,28.860853,59
Aluno_000449,23.357654,19.282128,60
Aluno_000450,21.821788,31.431280,67
Aluno_000451,16.086197,21.834187,94
Aluno_000452,32.981246,2.957058,60
Aluno_000453,30.862586,13.611825,87
Aluno_000454,11.038715,5.678554,10
Aluno_000455,11.831710,26.730716,58
Aluno_000456,24.991047,8.280856,36
Aluno_000457,3.308625,14.121360,47
Aluno_000458,29.785326,23.642888,31
Aluno_000459,29.690330,3.050421,96
Aluno_000460,22.275956,8.001010,3
Aluno_000461,30.861361,7.146908,18
Aluno_000462,29.201581,22.970832,17
Aluno_000463,19.531685,10.976519,97
Aluno_000464,27.958647,7.356056,14
Aluno_000465,6.487336,9.389339,93
Aluno_000466,28.923526,16.280435,75
Aluno_000467,16.937493,19.073533,24
Aluno_000468,30.385357,28.404773,7
Aluno_000469,31.783326,14.300079,61
Aluno_000470,8.730795,7.924072,95
Aluno_000471,13.904929,10.115036,4
Aluno_000472,21.936396,30.221842,7
Aluno_000473,21.564730,13.713554,64
Aluno_000474,14.463975,18.221722,18
Aluno_000475,23.922732,17.755060,35
Aluno_000476,22.601968,3.239930,40
Aluno_000477,23.910762,21.284093,35
Aluno_000478,29.960612,18.303548,53
Aluno_000479,23.359604,9.942447,50
Aluno_000480,17.031787,24.419258,94
Aluno_000481,8.399693,26.346940,19
Aluno_000482,13.120473,12.455313,43
Aluno_000483,8.560086,21.837186,5
Aluno_000484,3.837265,10.005831,6
Aluno_000485,15.629903,6.843412,5
Aluno_000486,14.658448,9.068060,14
Aluno_000487,6.989902,26.034832,93
Aluno_000488,7.448386,3.094844,3
Aluno_000489,19.016566,25.054632,45
Aluno_000490,10.509692,18.412360,88
Aluno_000491,19.352291,9.439298,5
Aluno_000492,28.423391,29.611660,62
Aluno_000493,15.615208,9.763053,57
Aluno_000494,17.405500,24.884002,2
Aluno_000495,17.003260,5.474812,27
Aluno_000496,29.521753,30.937287,49
Aluno_000497,11.092599,21.902953,28
Aluno_000498,11.440139,9.142226,51
Aluno_000499,16.848057,16.152685,55
Aluno_000500,20.696097,11.777404,40
Aluno_000501,18.545464,28.977960,97
Aluno_000502,22.712791,31.854545,10
Aluno_000503,32.649389,22.035366,46
Aluno_000504,14.789998,26.661177,12
Aluno_000505,12.773537,18.165955,27
Aluno_000506,25.305253,21.799690,81
Aluno_000507,19.111350,28.625828,3
Aluno_000508,6.088880,20.228643,13
Aluno_000509,12.812645,31.226558,33
Aluno_000510,4.401370,19.994380,53
Aluno_000511,18.631667,26.315906,58
Aluno_000512,15.918859,30.423123,4
Aluno_000513,7.265349,26.224266,47
Aluno_000514,10.076952,23.858998,62
Aluno_000515,3.336403,20.613405,61
Aluno_000516,17.291365,27.273049,51
Aluno_000517,26.827594,18.381867,28
Aluno_000518,8.117233,6.504156,53
Aluno_000519,30.865332,25.976983,54
Aluno_000520,11.842938,19.407231,72
Aluno_000521,8.906922,10.138869,41
Aluno_000522,6.464697,3.648191,58
Aluno_000523,21.576834,24.518272,85
Aluno_000524,23.444830,9.053577,49
Aluno_000525,26.747958,30.889479,11
Aluno_000526,24.905385,24.346200,12
Aluno_000527,22.469323,11.879625,49
Aluno_000528,5.803891,7.324244,38
Aluno_000529,28.883242,26.234672,14
Aluno_000530,14.548077,12.380843,55
Aluno_000531,7.353891,28.719645,78
Aluno_000532,14.801511,28.339442,62
Aluno_000533,32.543598,30.681485,64
Aluno_000534,24.358468,19.418744,75
Aluno_000535,6.525975,29.908930,25
Aluno_000536,7.747800,2.701406,43
Aluno_000537,4.049597,11.932897,55
Aluno_000538,4.151168,10.712496,27
Aluno_000539,17.466074,22.126431,55
Aluno_000540,20.715910,24.095998,40
Aluno_000541,16.142198,10.714031,79
Aluno_000542,20.293656,12.121295,65
Aluno_000543,17.145539,5.111521,43
Aluno_000544,29.046193,22.597547,26
Aluno_000545,32.678390,12.528781,78
Aluno_000546,8.948425,10.094270,3
Aluno_000547,6.133712,6.532281,28
Aluno_000548,4.913766,20.249936,5
Aluno_000549,7.368680,5.177309,55
Aluno_000550,32.786239,25.772235,81
Aluno_000551,26.173641,10.394656,76
Aluno_000552,20.027552,7.034039,47
Aluno_000553,15.446535,26.723238,91
Aluno_000554,16.549669,20.678721,61
Aluno_000555,12.474719,29.412609,95
Aluno_000556,7.826640,3.765579,1
Aluno_000557,13.586874,25.116917,24
Aluno_000558,27.928438,24.620296,43
Aluno_000559,14.917843,27.232412,91
Aluno_000560,7.461193,23.474631,89
Aluno_000561,31.268900,14.096233,97
Aluno_000562,18.328514,12.909618,20
Aluno_000563,30.859555,3.902612,50
Aluno_000564,6.779921,19.742280,13
Aluno_000565,13.214515,4.728235,94
Aluno_000566,12.822890,6.066161,26
Aluno_000567,10.800199,5.888156,55
Aluno_000568,30.311394,29.350443,49
Aluno_000569,17.729163,22.746735,52
Aluno_000570,19.859344,13.361062,61
Aluno_000571,14.826641,26.703882,88
Aluno_000572,19.520799,24.185984,83
Aluno_000573,16.506280,24.913515,25
Aluno_000574,19.845927,13.949237,30
Aluno_000575,5.123868,27.924124,60
Aluno_000576,9.720356,23.807120,3
Aluno_000577,4.416738,2.892768,84
Aluno_000578,4.495380,24.548870,87
Aluno_000579,11.991150,31.776293,7
Aluno_000580,4.204528,7.775301,38
Aluno_000581,11.541462,21.705665,68
Aluno_000582,25.293821,13.527418,35
Aluno_000583,10.577861,18.841661,37
Aluno_000584,9.288396,22.105214,10
Aluno_000585,3.166277,24.807024,47
Aluno_000586,19.210906,25.647740,31
Aluno_000587,17.533724,14.492918,10
Aluno_000588,7.106433,5.231705,70
Aluno_000589,16.880942,30.540004,26
Aluno_000590,26.164128,23.452360,52
Aluno_000591,14.959481,18.504810,58
Aluno_000592,19.097578,32.384484,74
Aluno_000593,24.633354,15.876219,71
Aluno_000594,15.352512,20.092958,59
Aluno_000595,25.568259,3.124505,86
Aluno_000596,22.530170,16.057040,65
Aluno_000597,27.284458,3.609721,84
Aluno_000598,20.151382,14.323990,40
Aluno_000599,4.129205,4.362319,65
Aluno_000600,26.869344,25.939778,87
Aluno_000601,19.287518,3.795481,53
Aluno_000602,15.988399,12.580250,4
Aluno_000603,15.511955,3.321242,69
Aluno_000604,31.561246,19.594832,77
Aluno_000605,10.747192,28.892897,33
Aluno_000606,15.097707,24.225374,28
Aluno_000607,24.309858,22.206673,31
Aluno_000608,5.782892,30.695284,68
Aluno_000609,18.488242,15.443212,67
Aluno_000610,16.267717,17.635404,38
Aluno_000611,31.392443,10.556501,5
Aluno_000612,11.866222,5.297886,34
Aluno_000613,17.321877,25.176902,72
Aluno_000614,27.239221,28.517604,93
Aluno_000615,22.157382,17.951081,95
Aluno_000616,19.446563,20.608564,18
Aluno_000617,30.888814,7.944900,76
Aluno_000618,8.966142,31.934962,56
Aluno_000619,19.229794,12.900769,39
Aluno_000620,9.493666,7.027388,1
Aluno_000621,28.952762,26.476986,8
Aluno_000622,16.383658,21.091373,48
Aluno_000623,19.486657,19.762619,74
Aluno_000624,32.905831,18.666550,78
Aluno_000625,4.001954,4.474899,58
Aluno_000626,12.731401,15.673548,60
Aluno_000627,18.671435,31.894397,94
Aluno_000628,24.771299,21.097623,93
Aluno_000629,17.315228,32.493311,51
Aluno_000630,18.144393,18.510520,58
Aluno_000631,6.819084,5.972610,79
Aluno_000632,11.617510,4.090956,3
Aluno_000633,3.725917,4.207898,61
Aluno_000634,14.808667,17.083652,48
Aluno_000635,21.811040,19.455711,32
Aluno_000636,13.632697,20.802333,45
Aluno_000637,9.593706,17.263802,27
Aluno_000638,4.726421,26.516355,62
Aluno_000639,12.882905,25.580363,12
Aluno_000640,27.755263,4.132253,93
Aluno_000641,17.505801,13.384859,99
Aluno_000642,12.979256,6.986663,69
Aluno_000643,25.784287,32.677235,78
Aluno_000644,32.870547,4.250555,22
Aluno_000645,20.461074,9.599514,61
Aluno_000646,13.272124,17.514940,72
Aluno_000647,19.305895,23.780158,91
Aluno_000648,25.688057,21.389634,88
Aluno_000649,6.173287,19.531813,80
Aluno_000650,6.687524,6.996724,81
Aluno_000651,25.499057,24.484327,88
Aluno_000652,9.448129,16.820221,87
Aluno_000653,11.036576,31.592763,80
Aluno_000654,24.873126,10.674550,14
Aluno_000655,12.506803,20.419482,64
Aluno_000656,31.504341,19.128389,37
Aluno_000657,23.815052,26.512603,25
Aluno_000658,26.889839,10.983596,10
Aluno_000659,12.934151,16.099339,29
Aluno_000660,23.398853,26.260386,75
Aluno_000661,11.475326,29.895225,67
Aluno_000662,21.375383,3.170977,60
Aluno_000663,22.260612,27.281221,30
Aluno_000664,14.513034,13.563440,28
Aluno_000665,18.260164,24.933898,59
Aluno_000666,17.118225,17.700558,61
Aluno_000667,32.220779,10.259221,72
Aluno_000668,9.551984,23.066354,85
Aluno_000669,31.440904,9.757356,74
Aluno_000670,27.876837,30.925110,36
Aluno_000671,17.753499,10.447706,30
Aluno_000672,4.660310,25.881178,25
Aluno_000673,4.564774,8.068551,4
Aluno_000674,21.867890,28.050149,59
Aluno_000675,22.010534,13.998925,46
Aluno_000676,11.594151,11.766743,16
Aluno_000677,12.637720,29.985860,83
Aluno_000678,24.967081,29.469534,89
Aluno_000679,10.732974,31.398332,4
Aluno_000680,24.032230,5.980115,62
Aluno_000681,21.380673,25.493138,69
Aluno_000682,3.452359,7.650455,43
Aluno_000683,28.416809,20.101452,48
Aluno_000684,27.558807,9.504343,1
Aluno_000685,8.129453,26.357713,56
Aluno_000686,4.505419,21.935644,63
Aluno_000687,15.516822,22.382953,37
Aluno_000688,28.151504,5.665728,32
Aluno_000689,31.415877,16.581597,72
Aluno_000690,28.280522,16.519394,18
Aluno_000691,25.986138,19.926411,59
Aluno_000692,17.612271,6.374673,39
Aluno_000693,3.544207,5.123858,77
Aluno_000694,4.222190,9.079352,88
Aluno_000695,12.759467,10.777181,18
Aluno_000696,3.970319,24.754420,35
Aluno_000697,30.104876,30.640139,100
Aluno_000698,18.441591,3.922678,41
Aluno_000699,11.127021,25.021685,71
Aluno_000700,19.079397,12.500398,73
Aluno_000701,32.136042,15.756474,28
Aluno_000702,5.839427,20.084816,52
Aluno_000703,23.450544,14.152865,97
Aluno_000704,28.434461,30.490931,83
Aluno_000705,14.710325,21.366421,11
Aluno_000706,8.992832,23.214983,95
Aluno_000707,27.289656,7.196463,99
Aluno_000708,10.020321,23.105103,93
Aluno_000709,29.884455,27.333863,83
Aluno_000710,5.811044,10.742511,54
Aluno_000711,3.196931,9.143922,54
Aluno_000712,7.484061,6.281363,3
Aluno_000713,7.904041,29.801807,48
Aluno_000714,22.523492,22.425652,53
Aluno_000715,32.626049,15.531062,55
Aluno_000716,28.987536,8.102889,56
Aluno_000717,25.887705,31.262092,15
Aluno_000718,13.114956,31.326963,92
Aluno_000719,29.517894,15.838249,87
Aluno_000720,4.904670,8.049418,39
Aluno_000721,28.964401,10.728219,61
Aluno_000722,15.624682,10.397503,45
Aluno_000723,31.202606,22.754057,29
Aluno_000724,17.787920,22.145002,89
Aluno_000725,30.587513,27.587061,84
Aluno_000726,4.430983,20.098964,46
Aluno_000727,24.080327,30.284445,23
Aluno_000728,27.786252,8.415043,35
Aluno_000729,28.540695,28.484368,38
Aluno_000730,11.715429,16.809744,45
Aluno_000731,22.612633,27.666744,8
Aluno_000732,26.628836,7.202965,66
Aluno_000733,6.229928,15.000338,97
Aluno_000734,28.538587,6.243792,56
Aluno_000735,11.993210,32.247822,48
Aluno_000736,10.676041,29.943258,7
Aluno_000737,8.040760,7.457611,50
Aluno_000738,27.911668,22.800722,98
Aluno_000739,12.645725,5.743366,51
Aluno_000740,31.030427,12.199589,84
Aluno_000741,29.998553,9.733238,3
Aluno_000742,7.717683,31.961410,4
Aluno_000743,8.076453,20.578880,39
Aluno_000744,16.763248,32.003935,51
Aluno_000745,16.513679,3.117148,56
Aluno_000746,28.483892,24.978678,93
Aluno_000747,29.881643,5.626312,6
Aluno_000748,18.326650,21.612728,22
Aluno_000749,25.556520,32.611571,36
Aluno_000750,32.559393,13.365237,92
Aluno_000751,11.008495,4.049730,12
Aluno_000752,9.207341,9.735434,96
Aluno_000753,30.236156,15.549255,89
Aluno_000754,18.992621,3.619010,40
Aluno_000755,13.518599,9.381880,84
Aluno_000756,16.815118,16.523048,24
Aluno_000757,16.184458,10.017152,37
Aluno_000758,28.296032,21.032801,58
Aluno_000759,20.736736,20.760911,59
Aluno_000760,21.578058,11.559281,27
Aluno_000761,4.237959,3.750415,3
Aluno_000762,7.076727,16.561950,66
Aluno_000763,5.874678,30.619602,92
Aluno_000764,30.931173,21.903377,51
Aluno_000765,32.968615,27.931199,21
Aluno_000766,29.680929,29.990566,91
Aluno_000767,7.426000,10.477110,9
Aluno_000768,23.726365,5.388270,23
Aluno_000769,6.707280,4.162156,89
Aluno_000770,11.244036,9.218986,59
Aluno_000771,23.442035,16.725879,58
Aluno_000772,24.443031,24.559154,91
Aluno_000773,13.291956,6.126492,62
Aluno_000774,24.587403,19.239063,96
Aluno_000775,28.498344,30.528692,41
Aluno_000776,31.979107,12.665461,69
Aluno_000777,26.927412,29.236303,41
Aluno_000778,27.555905,5.555835,98
Aluno_000779,25.159212,29.302090,42
Aluno_000780,24.933288,24.987078,76
Aluno_000781,22.677644,24.627827,42
Aluno_000782,32.804936,21.114217,54
Aluno_000783,24.202487,26.603644,24
Aluno_000784,28.465800,23.031302,30
Aluno_000785,29.950288,27.409768,45
Aluno_000786,11.835646,6.209836,59
Aluno_000787,28.468990,19.892323,53
Aluno_000788,23.718815,2.778677,34
Aluno_000789,19.717741,8.260946,17
Aluno_000790,6.489638,14.806218,11
Aluno_000791,25.171680,14.716085,60
Aluno_000792,11.652388,4.968746,71
Aluno_000793,8.224580,18.599091,28
Aluno_000794,15.601181,5.708293,51
Aluno_000795,28.395371,29.883792,73
Aluno_000796,22.211619,7.034470,1
Aluno_000797,25.848687,17.573015,41
Aluno_000798,11.876659,21.516555,81
Aluno_000799,12.247857,16.551174,75
Aluno_000800,11.660942,6.842459,81
Aluno_000801,10.752295,8.698145,39
Aluno_000802,26.290467,19.996588,32
Aluno_000803,20.475265,5.721285,72
Aluno_000804,11.682231,16.509283,100
Aluno_000805,29.015501,6.693006,80
Aluno_000806,19.109091,14.671869,64
Aluno_000807,17.340615,20.687180,20
Aluno_000808,6.986272,27.261479,20
Aluno_000809,30.669771,22.065195,62
Aluno_000810,19.648987,19.087453,13
Aluno_000811,23.821922,25.565142,47
Aluno_000812,10.838157,8.360606,55
Aluno_000813,27.577161,16.170609,18
Aluno_000814,30.421783,19.214817,70
Aluno_000815,23.757276,6.325018,84
Aluno_000816,12.723162,8.582725,63
Aluno_000817,26.279313,31.009571,29
Aluno_000818,4.430856,5.513630,88
Aluno_000819,19.722912,13.254578,96
Aluno_000820,17.647584,12.613086,97
Aluno_000821,24.984955,15.238413,51
Aluno_000822,3.625593,3.256675,55
Aluno_000823,28.218153,8.825570,67
Aluno_000824,28.590765,7.111865,30
Aluno_000825,23.899318,25.387925,57
Aluno_000826,18.653067,14.739752,39
Aluno_000827,20.800357,14.221240,30
Aluno_000828,28.091849,25.991224,97
Aluno_000829,12.906040,14.877518,19
Aluno_000830,18.902536,25.013632,56
Aluno_000831,31.296357,3.163316,30
Aluno_000832,31.872887,28.125698,9
Aluno_000833,31.339328,24.075669,88
Aluno_000834,5.030247,2.803742,1
Aluno_000835,13.116829,17.562240,8
Aluno_000836,30.500653,19.177832,19
Aluno_000837,20.134506,4.601784,16
Aluno_000838,11.127354,30.626246,79
Aluno_000839,5.438112,14.852660,38
Aluno_000840,7.940584,6.218119,29
Aluno_000841,18.657870,25.837429,91
Aluno_000842,7.758669,23.093651,36
Aluno_000843,16.784875,5.958228,83
Aluno_000844,18.535746,32.350519,9
Aluno_000845,25.064151,26.190915,6
Aluno_000846,27.054231,3.938281,18
Aluno_000847,29.763979,22.860507,23
Aluno_000848,14.636177,25.427118,86
Aluno_000849,25.930860,27.603307,58
Aluno_000850,12.865547,16.166424,70
Aluno_000851,33.044256,5.547689,82
Aluno_000852,7.849473,9.866200,8
Aluno_000853,8.192446,19.678762,24
Aluno_000854,32.231422,15.476827,100
Aluno_000855,19.394946,10.130558,37
Aluno_000856,3.667987,6.672007,80
Aluno_000857,27.465658,4.552817,90
Aluno_000858,8.211044,7.926656,19
Aluno_000859,7.977175,10.750532,28
Aluno_000860,4.641447,23.246790,8
Aluno_000861,24.885071,29.541326,74
Aluno_000862,20.101833,28.195678,57
Aluno_000863,21.322796,21.149051,16
Aluno_000864,16.452358,31.238010,13
Aluno_000865,15.104434,13.753656,9
Aluno_000866,17.001345,25.817904,75
Aluno_000867,3.384104,14.648690,31
Aluno_000868,32.027452,21.350818,77
Aluno_000869,4.527646,8.076550,5
Aluno_000870,15.907108,30.758874,20
Aluno_000871,5.130880,20.422592,57
Aluno_000872,22.675409,16.075095,47
Aluno_000873,21.701751,29.096538,56
Aluno_000874,7.547070,27.386453,40
Aluno_000875,18.333243,26.178926,7
Aluno_000876,23.420252,8.688518,13
Aluno_000877,4.584196,9.718315,9
Aluno_000878,28.567365,10.022085,29
Aluno_000879,8.960094,22.406992,98
Aluno_000880,3.860648,11.519723,66
Aluno_000881,5.037627,20.564528,98
Aluno_000882,32.913218,17.361993,31
Aluno_000883,6.412812,4.921731,73
Aluno_000884,10.698281,31.440669,73
Aluno_000885,29.899543,7.440457,30
Aluno_000886,25.563050,23.105389,62
Aluno_000887,6.880484,31.530424,4
Aluno_000888,28.326962,14.738458,19
Aluno_000889,9.824911,25.082235,32
Aluno_000890,18.961161,32.374032,84
Aluno_000891,8.762550,24.658154,78
Aluno_000892,32.076469,8.881413,57
Aluno_000893,16.603498,9.846745,92
Aluno_000894,29.953737,27.143834,45
Aluno_000895,6.363557,22.063592,70
Aluno_000896,10.328120,30.314385,53
Aluno_000897,15.376378,7.901184,71
Aluno_000898,10.522915,9.741337,52
Aluno_000899,8.882007,18.289190,29
Aluno_000900,23.429647,17.721197,27
Aluno_000901,8.526586,5.281550,24
Aluno_000902,4.511973,15.492697,85
Aluno_000903,27.931155,11.907069,73
Aluno_000904,4.689304,29.338935,31
Aluno_000905,29.412967,4.256066,76
Aluno_000906,26.614221,20.150466,80
Aluno_000907,26.731879,4.675517,95
Aluno_000908,12.222262,25.190690,85
Aluno_000909,20.034524,9.835376,60
Aluno_000910,29.598968,8.675999,92
Aluno_000911,6.690384,22.898081,50
Aluno_000912,28.499265,6.427088,10
Aluno_000913,13.868426,18.566762,74
Aluno_000914,4.555952,5.522180,75
Aluno_000915,20.943377,19.250432,82
Aluno_000916,22.231982,24.485599,3
Aluno_000917,7.678296,25.969963,36
Aluno_000918,5.577032,23.243956,38
Aluno_000919,20.282891,32.109451,73
Aluno_000920,4.065518,6.766336,67
Aluno_000921,24.616802,16.195858,21
Aluno_000922,18.571375,27.179738,2
Aluno_000923,20.070428,17.848681,75
Aluno_000924,25.384057,27.293637,12
Aluno_000925,3.669637,6.604952,46
Aluno_000926,27.203033,21.483025,44
Aluno_000927,25.610114,6.860021,16
Aluno_000928,23.126783,22.202298,68
Aluno_000929,25.424478,5.978539,48
Aluno_000930,22.928972,24.182736,44
Aluno_000931,16.368335,12.867855,94
Aluno_000932,6.537818,11.660954,23
Aluno_000933,32.604909,20.546631,81
Aluno_000934,20.356083,8.614850,18
Aluno_000935,13.081186,19.387800,5
Aluno_000936,3.283659,20.921600,8
Aluno_000937,15.801339,4.197988,97
Aluno_000938,19.746668,18.355034,99
Aluno_000939,13.348671,32.371767,92
Aluno_000940,6.676719,11.630725,9
Aluno_000941,30.813751,13.518308,90
Aluno_000942,18.078329,30.379752,94
Aluno_000943,20.282050,22.923864,18
Aluno_000944,26.602403,7.705112,63
Aluno_000945,29.587848,12.206528,68
Aluno_000946,22.774383,16.031375,51
Aluno_000947,25.392329,12.456183,17
Aluno_000948,30.702814,25.812201,55
Aluno_000949,32.127051,24.497238,88
Aluno_000950,11.585038,17.558896,41
Aluno_000951,6.180497,11.708236,73
Aluno_000952,13.606224,11.368697,60
Aluno_000953,27.423731,18.481835,42
Aluno_000954,18.553602,29.852893,47
Aluno_000955,9.183618,7.272402,24
Aluno_000956,18.490709,21.730321,39
Aluno_000957,19.810072,6.497369,43
Aluno_000958,27.121233,3.069038,39
Aluno_000959,8.474150,6.592122,6
Aluno_000960,16.498650,20.223637,90
Aluno_000961,3.955011,4.561998,83
Aluno_000962,14.718180,5.773033,51
Aluno_000963,29.285234,25.847340,64
Aluno_000964,18.044578,11.920994,15
Aluno_000965,27.179891,27.912284,68
Aluno_000966,7.320521,26.129616,68
Aluno_000967,5.198313,29.860387,22
Aluno_000968,16.042223,17.426745,17
Aluno_000969,14.979638,29.122044,66
Aluno_000970,4.094445,31.095825,66
Aluno_000971,20.526145,20.663256,25
Aluno_000972,24.860625,19.085154,7
Aluno_000973,19.854192,6.836218,59
Aluno_000974,11.128340,18.481858,42
Aluno_000975,6.405495,24.828342,21
Aluno_000976,27.090340,24.126990,26
Aluno_000977,27.600023,6.860507,92
Aluno_000978,30.407847,8.308520,89
Aluno_000979,17.929514,23.385256,80
Aluno_000980,18.997540,14.952425,32
Aluno_000981,8.782041,11.609405,29
Aluno_000982,9.169792,22.818061,52
Aluno_000983,7.944806,10.480354,91
Aluno_000984,7.302398,21.712014,70
Aluno_000985,20.507839,19.424444,98
Aluno_000986,7.787700,7.896843,14
Aluno_000987,24.681997,7.533985,60
Aluno_000988,12.070203,29.148325,92
Aluno_000989,15.330184,11.036190,53
Aluno_000990,3.564532,19.698543,17
Aluno_000991,11.525532,18.235679,33
Aluno_000992,22.796185,27.154872,87
Aluno_000993,3.163391,5.625555,67
Aluno_000994,26.710811,19.704032,96
Aluno_000995,32.356456,17.592906,1
Aluno_000996,26.902310,12.208351,86
Aluno_000997,32.726412,7.638497,15
Aluno_000998,15.818852,32.572102,74
Aluno_000999,21.984117,7.171218,2
Aluno_001000,24.295662,19.621249,80
